Data da Notificação;Semana da Notificação;Ano da Notificação;Município de Notificação;Data dos Primeiros Sintomas;Semana dos Primeiros Sintomas;Ano de Nascimento;Idade;Sexo;Gestante;Raça/Cor;Escolaridade;Município de Residência;Data da Investigação;Ocupação;Data do Acidente;Município de Ocorrência;Tempo entre Picada e Atendimento;Local da Picada;Manifestação Local;Dor;Edema;Equimose;Necrose;Outras Manifestações Locais;Especificação de Outras Manifestações Locais;Manifestação Sistêmica;Neuroparalítica;Hemorrágica;Vagal;Miolítica/Hemolítica;Renal;Tempo de Coagulação;Tipo de Animal;Classificação do Caso;Soroterapia Aplicada;Nº de Ampolas de Soro Antiescorpiônico;Complicação Local;Infecção Secundária;Necrose Extensa;Síndrome Comportamental;Déficit Funcional;Amputação;Complicação Sistêmica;Insuficiência Renal;Insuficiência Respiratória/Edema Pulmonar;Septicemia;Choque;Acidente Relacionado ao Trabalho;Evolução do Caso;Data do Óbito;Data de Encerramento;PRECIPITACAO_TOTAL_MM;TEMPERATURA_MEDIA_C;UMIDADE_RELATIVA_MEDIA
2020-06-18;25;2020;Cotia;2020-06-18;25;1973;46 anos;Masculino;Não se aplica;Branca;Ensino médio completo;Carapicuíba;2020-06-18;Jardineiro;2020-06-18;Carapicuíba;0 a 1h;Pé;Sim;Sim;Não;Não;Não;Não;;Não;Não informado;Não informado;Não informado;Não informado;Não informado;Não realizado;Escorpião;Leve;Não;0;Não;Não informado;Não informado;Não informado;Não informado;Não informado;Não;Não informado;Não informado;Não informado;Não informado;Sim;Cura;Não informado;2020-06-20;0.0;18.6;63.0
2020-07-16;29;2020;313652;2020-07-16;29;1975;45 anos;Feminino;Não;Parda;Ensino médio completo;Cotia;2020-07-16;CBO 516205;2020-07-16;313652;3 a 6h;Mão;Sim;Sim;Sim;Não;Não;Não;;Não;Não informado;Não informado;Não informado;Não informado;Não informado;Não realizado;Escorpião;Leve;Não;0;Não;Não informado;Não informado;Não informado;Não informado;Não informado;Não;Não informado;Não informado;Não informado;Não informado;Não;Cura;Não informado;2020-07-16;0.0;15.4;80.0
2020-10-31;44;2020;353880;2020-10-31;44;1966;54 anos;Masculino;Não se aplica;Branca;Ensino médio completo;Cotia;2020-10-31;CBO 782510;2020-10-31;353880;0 a 1h;Mão;Sim;Sim;Sim;Não;Não;Não;;Não;Não informado;Não informado;Não informado;Não informado;Não informado;Não realizado;Escorpião;Leve;Não;0;Não;Não informado;Não informado;Não informado;Não informado;Não informado;Não;Não informado;Não informado;Não informado;Não informado;Não;Cura;Não informado;2020-11-05;0.0;16.0;88.0
2021-01-15;2;2021;350320;2020-12-26;52;1971;49 anos;Masculino;Não se aplica;Ignorado;Ignorado;Cotia;2021-01-15;Não informado;2020-12-26;350670;Ignorado;Perna;Sim;Sim;Sim;Não;Não;Não;;Não;Não informado;Não informado;Não informado;Não informado;Não informado;Alterado;Escorpião;Moderado;Sim;1;Não;Não informado;Não informado;Não informado;Não informado;Não informado;Não;Não informado;Não informado;Não informado;Não informado;Não;Cura;Não informado;2021-01-15;0.0;19.7;78.0
2021-01-09;1;2021;Cotia;2021-01-09;1;0;58 anos;Feminino;Não se aplica;Preta;Não informado;Cotia;2021-01-09;Não informado;2021-01-09;Carapicuíba;0 a 1h;Mão;Sim;Sim;Não;Não;Não;Não;;Não;Não informado;Não informado;Não informado;Não informado;Não informado;Não realizado;Escorpião;Leve;Não;0;Não;Não informado;Não informado;Não informado;Não informado;Não informado;Não;Não informado;Não informado;Não informado;Não informado;Não;Cura;Não informado;2021-01-28;0.0;22.9;83.0
2021-01-22;3;2021;Cotia;2021-01-22;3;0;31 anos;Masculino;Não se aplica;Parda;Não informado;Cotia;2021-01-22;CBO 354705;2021-01-22;Cotia;0 a 1h;Tronco;Sim;Sim;Sim;Não;Não;Não;;Não;Não informado;Não informado;Não informado;Não informado;Não informado;Não informado;Escorpião;Leve;Não;0;Não;Não informado;Não informado;Não informado;Não informado;Não informado;Não;Não informado;Não informado;Não informado;Não informado;Não;Cura;Não informado;2021-01-27;0.0;22.8;77.0
2021-02-04;5;2021;Embu das Artes;2021-02-02;5;1976;44 anos;Masculino;Não se aplica;Parda;Ignorado;Cotia;2021-02-04;Não informado;2021-02-02;Cotia;0 a 1h;Ignorado;Sim;Sim;Não;Não;Não;Não;;Não;Não informado;Não informado;Não informado;Não informado;Não informado;Não realizado;Escorpião;Leve;Não;0;Não;Não informado;Não informado;Não informado;Não informado;Não informado;Não;Não informado;Não informado;Não informado;Não informado;Não;Cura;Não informado;2021-02-04;0.0;23.9;73.0
2021-10-12;41;2021;350790;2021-10-12;41;1987;33 anos;Feminino;Não;Parda;Educação superior completa;Cotia;2021-10-12;Não informado;2021-10-12;355470;0 a 1h;Dedo da mão;Sim;Sim;Não;Não;Não;Não;;Não;Não informado;Não informado;Não informado;Não informado;Não informado;Não realizado;Escorpião;Ignorado;Ignorado;0;Ignorado;Não informado;Não informado;Não informado;Não informado;Não informado;Ignorado;Não informado;Não informado;Não informado;Não informado;Ignorado;Cura;Não informado;2021-10-28;0.0;19.0;78.0
2021-10-15;41;2021;Cotia;2021-10-14;41;1967;54 anos;Feminino;Não;Parda;Ignorado;Cotia;2021-10-15;Não informado;2021-10-14;Cotia;0 a 1h;Mão;Sim;Sim;Não;Não;Não;Sim;Parestesia;Não informado;Não informado;Não informado;Não informado;Não informado;Não informado;Não informado;Escorpião;Leve;Sim;0;Não;Não informado;Não informado;Não informado;Não informado;Não informado;Não;Não informado;Não informado;Não informado;Não informado;Não informado;Cura;Não informado;2021-10-26;0.0;21.6;71.0
2021-10-26;43;2021;São Paulo;2021-10-26;43;1996;25 anos;Masculino;Não se aplica;Branca;Ignorado;Cotia;2021-10-26;Não informado;2021-10-26;Cotia;Ignorado;Cabeça;Sim;Sim;Não;Não;Não;Não;;Não;Não informado;Não informado;Não informado;Não informado;Não informado;Não realizado;Escorpião;Leve;Não;0;Não;Não informado;Não informado;Não informado;Não informado;Não informado;Não;Não informado;Não informado;Não informado;Não informado;Não;Cura;Não informado;2021-10-26;0.0;19.0;83.0
2021-11-05;44;2021;Cotia;2021-11-05;44;1954;67 anos;Masculino;Não se aplica;Branca;4ª série completa do EF;Cotia;2021-11-05;Aposentado;2021-11-05;Cotia;0 a 1h;Perna;Sim;Sim;Não;Não;Não;Não;;Não;Não informado;Não informado;Não informado;Não informado;Não informado;Alterado;Escorpião;Leve;Não;0;Não;Não informado;Não informado;Não informado;Não informado;Não informado;Não;Não informado;Não informado;Não informado;Não informado;Não;Cura;Não informado;2021-11-09;0.0;21.2;73.0
2021-11-30;48;2021;Cotia;2021-11-30;48;1999;22 anos;Masculino;Não se aplica;Parda;1ª a 4ª série incompleta do EF;Cotia;2021-11-30;Não informado;2021-11-30;Cotia;1 a 3h;Pé;Sim;Sim;Não;Não;Não;Não;;Não;Não informado;Não informado;Não informado;Não informado;Não informado;Não informado;Escorpião;Leve;Não;0;Não;Não informado;Não informado;Não informado;Não informado;Não informado;Não;Não informado;Não informado;Não informado;Não informado;Não;Cura;Não informado;2021-12-23;0.0;23.2;77.0
2021-12-02;48;2021;Cotia;2021-12-02;48;1995;26 anos;Masculino;Não se aplica;Parda;Não informado;Cotia;2021-12-02;Não informado;2021-12-02;Cotia;0 a 1h;Dedo da mão;Sim;Sim;Não;Não;Não;Não;;Não;Não informado;Não informado;Não informado;Não informado;Não informado;Não realizado;Escorpião;Moderado;Sim;6;Não;Não informado;Não informado;Não informado;Não informado;Não informado;Não;Não informado;Não informado;Não informado;Não informado;Sim;Cura;Não informado;2021-12-09;0.0;21.2;76.0
2021-12-20;51;2021;352500;2021-12-20;51;1996;25 anos;Masculino;Não se aplica;Parda;Ensino médio completo;Cotia;2021-12-20;Não informado;2021-12-20;352500;0 a 1h;Antebraço;Sim;Sim;Sim;Não;Não;Sim;Formigamento;Não;Não informado;Não informado;Não informado;Não informado;Não informado;Não realizado;Escorpião;Leve;Não;0;Não;Não informado;Não informado;Não informado;Não informado;Não informado;Não;Não informado;Não informado;Não informado;Não informado;Não;Cura;Não informado;2022-02-09;0.0;20.8;70.0
2021-12-28;52;2021;São Paulo;2021-12-28;52;1978;43 anos;Masculino;Não se aplica;Branca;Ignorado;Cotia;2021-12-28;Não informado;2021-12-28;Cotia;0 a 1h;Dedo da mão;Sim;Sim;Não;Não;Não;Sim;Eritema;Não;Não informado;Não informado;Não informado;Não informado;Não informado;Não realizado;Escorpião;Leve;Não;0;Não;Não informado;Não informado;Não informado;Não informado;Não informado;Não;Não informado;Não informado;Não informado;Não informado;Não;Cura;Não informado;2021-12-28;4.0;21.2;78.0
2022-06-27;26;2022;Cotia;2022-06-23;25;1997;24 anos;Masculino;Não se aplica;Parda;Ignorado;Cotia;2022-06-27;Ignorado;2022-06-23;Cotia;0 a 1h;Mão;Sim;Sim;Ignorado;Ignorado;Ignorado;Ignorado;;Não;Não informado;Não informado;Não informado;Não informado;Não informado;Normal;Escorpião;Leve;Sim;3;Não;Não informado;Não informado;Não informado;Não informado;Não informado;Não;Não informado;Não informado;Não informado;Não informado;Não;Cura;Não informado;2022-07-02;0.0;19.5;61.0
2022-08-16;33;2022;Cotia;2022-08-14;33;2006;15 anos;Feminino;Não;Parda;Ensino médio completo;Cotia;2022-08-16;Estudante;2022-08-14;Cotia;24h ou mais;Perna;Sim;Sim;Sim;Sim;Não;Não;;Não;Não informado;Não informado;Não informado;Não informado;Não informado;Não informado;Escorpião;Leve;Não;0;Não;Não informado;Não informado;Não informado;Não informado;Não informado;Não;Não informado;Não informado;Não informado;Não informado;Não;Cura;Não informado;2022-08-24;0.0;22.0;50.0
2022-09-01;35;2022;São Paulo;2022-08-31;35;1983;39 anos;Masculino;Não se aplica;Ignorado;Ignorado;Cotia;2022-09-01;Não informado;2022-08-31;São Paulo;0 a 1h;Perna;Ignorado;Não informado;Não informado;Não informado;Não informado;Não informado;;Não;Não informado;Não informado;Não informado;Não informado;Não informado;Não realizado;Escorpião;Leve;Não;0;Não;Não informado;Não informado;Não informado;Não informado;Não informado;Não;Não informado;Não informado;Não informado;Não informado;Não;Cura;Não informado;2022-09-01;0.0;17.4;55.0
2023-01-13;2;2023;240940;2023-01-13;2;2007;15 anos;Masculino;Não se aplica;Não informado;Ensino médio incompleto;Cotia;2023-01-13;Estudante;2023-01-13;241250;3 a 6h;Mão;Sim;Sim;Sim;Não;Não;Sim;Dormencia;Sim;Não;Não;Não;Não;Não;Normal;Escorpião;Leve;Sim;2;Não;Não informado;Não informado;Não informado;Não informado;Não informado;Não;Não informado;Não informado;Não informado;Não informado;Não;Cura;Não informado;2023-02-22;2.4;23.0;83.0
2023-01-16;3;2023;Cotia;2023-01-16;3;1967;55 anos;Feminino;Não se aplica;Parda;Ensino médio completo;Cotia;2023-01-16;Cozinheiro geral;2023-01-16;São Paulo;1 a 3h;Pé;Sim;Sim;Não;Não;Não;Sim;Nausea;Não;Não informado;Não informado;Não informado;Não informado;Não informado;Não realizado;Escorpião;Leve;Não;0;Não;Não informado;Não informado;Não informado;Não informado;Não informado;Não;Não informado;Não informado;Não informado;Não informado;Não;Cura;Não informado;2023-01-20;18.0;23.6;83.0
2023-01-18;3;2023;Cotia;2023-01-18;3;1984;38 anos;Masculino;Não se aplica;Parda;Ensino médio incompleto;Cotia;2023-01-18;Jardineiro;2023-01-18;Cotia;0 a 1h;Mão;Sim;Sim;Sim;Não;Não;Não;;Não;Não informado;Não informado;Não informado;Não informado;Não informado;Não realizado;Escorpião;Leve;Não;0;Não;Não informado;Não informado;Não informado;Não informado;Não informado;Não;Não informado;Não informado;Não informado;Não informado;Não;Cura;Não informado;2023-01-27;0.4;23.3;81.0
2023-01-23;4;2023;Cotia;2023-01-20;3;1993;29 anos;Masculino;Não se aplica;Parda;Ensino médio completo;Itapecerica da Serra;2023-01-23;Ignorado;2023-01-20;Itapecerica da Serra;Ignorado;Dedo da mão;Não;Não informado;Não informado;Não informado;Não informado;Não informado;;Não;Não informado;Não informado;Não informado;Não informado;Não informado;Não realizado;Escorpião;Leve;Não;0;Não;Não informado;Não informado;Não informado;Não informado;Não informado;Não;Não informado;Não informado;Não informado;Não informado;Não;Cura;Não informado;2023-01-23;5.6;21.0;87.0
2023-02-23;8;2023;Cotia;2023-02-23;8;1980;42 anos;Masculino;Não se aplica;Parda;4ª série completa do EF;Embu das Artes;2023-02-23;Jardineiro;2023-02-23;Cotia;0 a 1h;Mão;Sim;Sim;Sim;Não;Não;Não;;Não;Não informado;Não informado;Não informado;Não informado;Não informado;Não realizado;Escorpião;Grave;Sim;5;Não;Não informado;Não informado;Não informado;Não informado;Não informado;Não;Não informado;Não informado;Não informado;Não informado;Sim;Cura;Não informado;2023-02-27;0.8;22.3;83.0
2023-03-18;11;2023;Cotia;2023-03-18;11;2012;10 anos;Masculino;Não se aplica;Parda;1ª a 4ª série incompleta do EF;Cotia;2023-03-23;Estudante;2023-03-18;Cotia;0 a 1h;Cabeça;Sim;Sim;Sim;Não;Não;Não;;Não;Não informado;Não informado;Não informado;Não informado;Não informado;Não realizado;Escorpião;Leve;Não;0;Não;Não informado;Não informado;Não informado;Não informado;Não informado;Não;Não informado;Não informado;Não informado;Não informado;Não;Cura;Não informado;2023-03-23;0.0;22.3;75.0
2023-03-31;13;2023;Cotia;2023-03-25;12;2005;18 anos;Masculino;Não se aplica;Parda;Ignorado;Cotia;2023-03-31;Estudante;2023-03-20;Cotia;12 a 24h;Dedo da mão;Sim;Sim;Sim;Não;Não;Não;;Não;Não informado;Não informado;Não informado;Não informado;Não informado;Não realizado;Escorpião;Ignorado;Ignorado;0;Não;Não informado;Não informado;Não informado;Não informado;Não informado;Não;Não informado;Não informado;Não informado;Não informado;Não;Cura;Não informado;2023-03-31;0.2;23.6;77.0
2023-05-22;21;2023;Cotia;2023-05-19;20;2000;23 anos;Masculino;Não se aplica;Parda;Ignorado;Cotia;2023-05-23;Estudante;2023-05-19;Cotia;12 a 24h;Dedo da mão;Sim;Sim;Não;Não;Não;Não;;Não;Não informado;Não informado;Não informado;Não informado;Não informado;Normal;Escorpião;Leve;Sim;4;Não;Não informado;Não informado;Não informado;Não informado;Não informado;Não;Não informado;Não informado;Não informado;Não informado;Não;Cura;Não informado;2023-05-26;0.0;16.4;74.0
2023-06-17;24;2023;Cotia;2023-06-17;24;2004;18 anos;Masculino;Não se aplica;Amarela;Ensino médio completo;Vargem Grande Paulista;2023-06-17;Técnico de contabilidade;2023-06-17;Cotia;0 a 1h;Dedo da mão;Sim;Sim;Sim;Não;Não;Não;;Não;Não informado;Não informado;Não informado;Não informado;Não informado;Não realizado;Escorpião;Leve;Não;0;Não;Não informado;Não informado;Não informado;Não informado;Não informado;Não;Não informado;Não informado;Não informado;Não informado;Não;Cura;Não informado;2023-06-28;0.2;11.4;85.0
2023-07-05;27;2023;Cotia;2023-07-05;27;1964;58 anos;Masculino;Não se aplica;Preta;Ensino médio incompleto;Cotia;2023-07-05;Desempregado;2023-07-05;Cotia;3 a 6h;Mão;Sim;Sim;Não;Não;Não;Não;;Não;Não informado;Não informado;Não informado;Não informado;Não informado;Não realizado;Escorpião;Leve;Sim;3;Não;Não informado;Não informado;Não informado;Não informado;Não informado;Não;Não informado;Não informado;Não informado;Não informado;Não;Cura;Não informado;2023-07-12;0.0;15.2;76.0
2023-10-15;42;2023;352042;2023-10-15;42;2010;13 anos;Feminino;Não se aplica;Branca;5ª a 8ª série incompleta do EF;Cotia;2023-10-15;Não informado;2023-10-15;352042;0 a 1h;Dedo do pé;Sim;Sim;Não;Não;Não;Não;;Não;Não informado;Não informado;Não informado;Não informado;Não informado;Não informado;Escorpião;Leve;Não;0;Não;Não informado;Não informado;Não informado;Não informado;Não informado;Não informado;Não informado;Não informado;Não informado;Não informado;Não;Cura;Não informado;2023-10-24;0.0;19.2;82.0
2023-10-16;42;2023;São Paulo;2023-10-16;42;1956;67 anos;Masculino;Não se aplica;Branca;Não informado;Cotia;2023-10-16;Não informado;2023-10-16;São Paulo;1 a 3h;Mão;Sim;Sim;Sim;Não;Não;Sim;Eritema;Não;Não informado;Não informado;Não informado;Não informado;Não informado;Não realizado;Escorpião;Leve;Não;0;Não;Não informado;Não informado;Não informado;Não informado;Não informado;Não;Não informado;Não informado;Não informado;Não informado;Sim;Cura;Não informado;2023-10-16;0.0;24.1;73.0
2023-10-29;44;2023;Cotia;2023-10-28;43;1984;39 anos;Feminino;Não;Parda;Ignorado;Vargem Grande Paulista;2023-10-29;Desempregado;2023-10-28;Vargem Grande Paulista;3 a 6h;Dedo da mão;Sim;Sim;Não;Não;Não;Não;;Não;Não informado;Não informado;Não informado;Não informado;Não informado;Alterado;Escorpião;Leve;Sim;3;Não;Não informado;Não informado;Não informado;Não informado;Não informado;Não;Não informado;Não informado;Não informado;Não informado;Não;Cura;Não informado;2023-10-30;2.8;22.7;81.0
2023-11-09;45;2023;Cotia;2023-11-09;45;1979;44 anos;Masculino;Não se aplica;Parda;5ª a 8ª série incompleta do EF;Cotia;2023-11-09;Pedreiro;2023-11-09;Itapevi;12 a 24h;Mão;Sim;Não;Não;Não;Não;Sim;Formigamento;Não;Não informado;Não informado;Não informado;Não informado;Não informado;Não realizado;Escorpião;Leve;Não;0;Não;Não informado;Não informado;Não informado;Não informado;Não informado;Não;Não informado;Não informado;Não informado;Não informado;Sim;Cura;Não informado;2023-11-16;0.0;25.0;61.0
2023-11-21;47;2023;Cotia;2023-11-20;47;1982;41 anos;Feminino;Não;Parda;Ensino médio completo;Carapicuíba;2023-11-21;Dona de casa;2023-11-20;Cotia;1 a 3h;Antebraço;Sim;Sim;Não;Não;Não;Não;;Não;Não informado;Não informado;Não informado;Não informado;Não informado;Normal;Escorpião;Leve;Sim;3;Não;Não informado;Não informado;Não informado;Não informado;Não informado;Não;Não informado;Não informado;Não informado;Não informado;Não;Cura;Não informado;2023-12-01;0.0;20.8;89.0
2023-12-24;52;2023;Cotia;2023-12-24;52;1954;69 anos;Feminino;Não;Branca;5ª a 8ª série incompleta do EF;Cotia;2023-12-24;Costureira de peças sob encomenda;2023-12-24;Cotia;0 a 1h;Pé;Sim;Sim;Não;Não;Não;Não;;Sim;Não;Não;Não;Não;Não;Não realizado;Escorpião;Leve;Não;0;Não;Não informado;Não informado;Não informado;Não informado;Não informado;Não;Não informado;Não informado;Não informado;Não informado;Não;Cura;Não informado;2024-01-04;0.0;23.7;75.0
2023-12-25;52;2023;Cotia;2023-12-25;52;2012;11 anos;Feminino;Não;Branca;5ª a 8ª série incompleta do EF;Cotia;2023-12-25;Estudante;2023-12-25;Cotia;0 a 1h;Pé;Sim;Sim;Não;Não;Não;Não;;Não;Não informado;Não informado;Não informado;Não informado;Não informado;Não realizado;Escorpião;Leve;Não;0;Não;Não informado;Não informado;Não informado;Não informado;Não informado;Não;Não informado;Não informado;Não informado;Não informado;Não;Cura;Não informado;2024-01-03;0.0;26.3;69.0
2024-02-25;9;2024;Cotia;2024-02-25;9;2015;9 anos;Feminino;Não se aplica;Branca;5ª a 8ª série incompleta do EF;Cotia;2024-02-25;Estudante;2024-02-25;Cotia;0 a 1h;Perna;Sim;Sim;Sim;Não;Não;Não;;Não;Não informado;Não informado;Não informado;Não informado;Não informado;Não realizado;Escorpião;Moderado;Não;0;Não;Não informado;Não informado;Não informado;Não informado;Não informado;Não;Não informado;Não informado;Não informado;Não informado;Não;Cura;Não informado;2024-03-11;0.0;24.0;86.0
2024-06-25;26;2024;350570;2024-06-25;26;1983;40 anos;Masculino;Não se aplica;Parda;Ignorado;Cotia;2024-06-25;Não informado;2024-06-25;Cotia;0 a 1h;Dedo do pé;Sim;Sim;Não;Não;Não;Não;;Não;Não informado;Não informado;Não informado;Não informado;Não informado;Normal;Escorpião;Leve;Não;0;Não;Não informado;Não informado;Não informado;Não informado;Não informado;Não;Não informado;Não informado;Não informado;Não informado;Não;Cura;Não informado;2024-09-02;0.0;18.3;87.0
2024-10-01;40;2024;Cotia;2024-10-01;40;1961;63 anos;Feminino;Não;Preta;Ensino médio completo;Cotia;2024-10-01;Dona de casa;2024-10-01;Cotia;1 a 3h;Pé;Sim;Não;Sim;Não;Não;Não;;Não;Não informado;Não informado;Não informado;Não informado;Não informado;Normal;Escorpião;Leve;Não;0;Não;Não informado;Não informado;Não informado;Não informado;Não informado;Não;Não informado;Não informado;Não informado;Não informado;Não;Cura;Não informado;2024-10-02;0.0;25.0;60.0
2024-10-15;42;2024;Cotia;2024-10-15;42;1983;41 anos;Feminino;Não;Parda;Ignorado;Carapicuíba;2024-10-15;Não informado;2024-10-15;Cotia;0 a 1h;Mão;Sim;Não;Sim;Não;Não;Não;;Não;Não informado;Não informado;Não informado;Não informado;Não informado;Alterado;Escorpião;Leve;Sim;3;Não;Não informado;Não informado;Não informado;Não informado;Não informado;Não;Não informado;Não informado;Não informado;Não informado;Não;Cura;Não informado;2024-10-24;0.0;20.7;73.0
2024-11-01;44;2024;Cotia;2024-11-01;44;2024;6 meses;Feminino;Não se aplica;Parda;Não se aplica;Cotia;2024-11-01;CBO 512105;2024-11-01;Cotia;0 a 1h;Mão;Sim;Sim;Sim;Não;Não;Não;;Não;Não informado;Não informado;Não informado;Não informado;Não informado;Normal;Escorpião;Moderado;Não;0;Não;Não informado;Não informado;Não informado;Não informado;Não informado;Não;Não informado;Não informado;Não informado;Não informado;Sim;Cura;Não informado;2024-11-08;0.0;21.6;70.0
2024-12-13;50;2024;350570;2024-12-13;50;2007;17 anos;Masculino;Não se aplica;Parda;Ignorado;Cotia;2024-12-13;Não informado;2024-12-12;Cotia;0 a 1h;Tronco;Não;Não informado;Não informado;Não informado;Não informado;Não informado;;Não;Não informado;Não informado;Não informado;Não informado;Não informado;Não realizado;Escorpião;Leve;Não;0;Não;Não informado;Não informado;Não informado;Não informado;Não informado;Não;Não informado;Não informado;Não informado;Não informado;Não;Cura;Não informado;2025-02-17;0.0;20.5;74.0
2024-12-15;51;2024;São Paulo;2024-12-15;51;1983;41 anos;Feminino;Não;Branca;Ensino médio completo;Cotia;2024-12-15;Costureira de peças sob encomenda;2024-12-15;São Paulo;0 a 1h;Pé;Sim;Sim;Sim;Não;Não;Não;;Não;Não informado;Não informado;Não informado;Não informado;Não informado;Normal;Escorpião;Leve;Não;0;Não;Não informado;Não informado;Não informado;Não informado;Não informado;Não;Não informado;Não informado;Não informado;Não informado;Não;Cura;Não informado;2024-12-16;0.0;22.7;82.0
2024-12-16;51;2024;Itapevi;2024-12-16;51;1976;48 anos;Masculino;Não se aplica;Parda;Ignorado;Cotia;2024-12-16;CBO 782305;2024-12-16;Itapevi;1 a 3h;Mão;Sim;Sim;Não;Não;Não;Não;;Ignorado;Não informado;Não informado;Não informado;Não informado;Não informado;Não realizado;Escorpião;Ignorado;Ignorado;0;Não;Não informado;Não informado;Não informado;Não informado;Não informado;Não;Não informado;Não informado;Não informado;Não informado;Não;Cura;Não informado;2024-12-23;0.0;24.0;61.0
2024-12-24;52;2024;315700;2024-12-24;52;2024;0 dias;Feminino;Não se aplica;Indígena;Não se aplica;Cotia;2024-12-24;Aposentado;2024-12-24;315700;0 a 1h;Pé;Sim;Sim;Não;Não;Não;Não;;Não;Não informado;Não informado;Não informado;Não informado;Não informado;Não informado;Escorpião;Leve;Não;0;Não;Não informado;Não informado;Não informado;Não informado;Não informado;Não;Não informado;Não informado;Não informado;Não informado;Não;Cura;Não informado;2024-12-24;0.0;21.4;82.0
2025-03-04;10;2025;317010;2025-03-03;10;2012;12 anos;Masculino;Não se aplica;Branca;5ª a 8ª série incompleta do EF;Cotia;2025-03-04;Estudante;2025-03-03;310070;0 a 1h;Dedo da mão;Sim;Sim;Não;Não;Não;Não;;Sim;Não;Não;Sim;Não;Não;Não realizado;Escorpião;Leve;Não;0;Não;Não informado;Não informado;Não informado;Não informado;Não informado;Não;Não informado;Não informado;Não informado;Não informado;Não;Cura;Não informado;2025-03-04;0.0;24.2;78.0
2025-03-28;13;2025;São Paulo;2025-03-28;13;1970;54 anos;Masculino;Não se aplica;Parda;Ignorado;Cotia;2025-03-28;Não informado;2025-03-28;São Paulo;0 a 1h;Pé;Sim;Sim;Não;Não;Não;Não;;Não;Não informado;Não informado;Não informado;Não informado;Não informado;Não realizado;Escorpião;Leve;Não;0;Não;Não informado;Não informado;Não informado;Não informado;Não informado;Não;Não informado;Não informado;Não informado;Não informado;Não;Cura;Não informado;2025-03-28;0.0;23.2;77.0
2025-06-08;24;2025;Cotia;2025-06-07;23;1972;52 anos;Feminino;Não;Parda;Ensino médio incompleto;Cotia;2025-06-08;CBO 841408;2025-06-07;Cotia;24h ou mais;Mão;Sim;Sim;Não;Não;Não;Não;;Não;Não informado;Não informado;Não informado;Não informado;Não informado;Não realizado;Escorpião;Leve;Não;0;Não;Não informado;Não informado;Não informado;Não informado;Não informado;Não;Não informado;Não informado;Não informado;Não informado;Sim;Cura;Não informado;2025-06-08;0.0;17.9;91.0
2025-07-14;29;2025;Vargem Grande Paulista;2025-07-14;29;2015;9 anos;Masculino;Não se aplica;Parda;1ª a 4ª série incompleta do EF;Cotia;2025-07-14;Não informado;2025-07-14;Vargem Grande Paulista;0 a 1h;Mão;Sim;Sim;Sim;Não;Não;Não;;Não;Não informado;Não informado;Não informado;Não informado;Não informado;Normal;Escorpião;Moderado;Não;0;Não;Não informado;Não informado;Não informado;Não informado;Não informado;Não;Não informado;Não informado;Não informado;Não informado;Não;Cura;Não informado;2025-08-04;0.0;15.6;81.0
2025-03-03;10;2025;310070;2025-03-03;10;2012;12 anos;Masculino;Não se aplica;Branca;5ª a 8ª série incompleta do EF;Cotia;2025-03-03;Estudante;2025-03-03;310070;0 a 1h;Dedo da mão;Sim;Sim;Sim;Não;Não;Não;;Não;Não informado;Não informado;Não informado;Não informado;Não informado;Não realizado;Escorpião;Leve;Não;0;Não;Não informado;Não informado;Não informado;Não informado;Não informado;Não;Não informado;Não informado;Não informado;Não informado;Não;Cura;Não informado;2025-03-06;0.0;24.2;78.0
2025-08-13;33;2025;Cotia;2025-08-12;33;2001;24 anos;Masculino;Não se aplica;Parda;Ignorado;Vargem Grande Paulista;2025-08-13;Jardineiro;2025-08-12;Vargem Grande Paulista;0 a 1h;Dedo da mão;Sim;Sim;Não;Não;Não;Não;;Não;Não informado;Não informado;Não informado;Não informado;Não informado;Normal;Escorpião;Moderado;Sim;3;Não;Não informado;Não informado;Não informado;Não informado;Não informado;Não;Não informado;Não informado;Não informado;Não informado;Sim;Cura;Não informado;2025-08-13;0.0;12.9;79.0
2025-11-18;47;2025;Cotia;2025-11-17;47;1953;72 anos;Masculino;Não se aplica;Parda;Ensino médio incompleto;Cotia;2025-11-18;CBO 716610;2025-11-17;Cotia;6 a 12h;Pé;Sim;Sim;Não;Não;Não;Não;;Não;Não informado;Não informado;Não informado;Não informado;Não informado;Não realizado;Escorpião;Leve;Não;0;Não;Não informado;Não informado;Não informado;Não informado;Não informado;Não;Não informado;Não informado;Não informado;Não informado;Não;Cura;Não informado;2025-11-26;17.8;22.2;87.0
2025-11-28;48;2025;Cotia;2025-11-28;48;1985;39 anos;Masculino;Não se aplica;Parda;Ensino médio completo;Cotia;2025-11-28;CBO 517420;2025-11-28;Cotia;6 a 12h;Braço;Sim;Sim;Sim;Não;Não;Não;;Não;Não informado;Não informado;Não informado;Não informado;Não informado;Não realizado;Escorpião;Leve;Não;0;Não;Não informado;Não informado;Não informado;Não informado;Não informado;Não;Não informado;Não informado;Não informado;Não informado;Sim;Cura;Não informado;2025-12-12;0.0;22.2;71.0
2025-12-11;50;2025;Cotia;2025-12-11;50;2010;15 anos;Masculino;Não se aplica;Branca;Ensino médio incompleto;Cotia;2025-12-11;Estudante;2025-12-11;Cotia;0 a 1h;Pé;Sim;Sim;Sim;Não;Não;Sim;Prurid;Não;Não informado;Não informado;Não informado;Não informado;Não informado;Normal;Escorpião;Leve;Não;0;Não;Não informado;Não informado;Não informado;Não informado;Não informado;Não;Não informado;Não informado;Não informado;Não informado;Não;Cura;Não informado;2026-01-06;0.0;23.5;60.0
2025-12-20;51;2025;Cotia;2025-12-20;51;1946;79 anos;Feminino;Não;Parda;Ensino médio incompleto;Cotia;2025-12-20;Dona de casa;2025-12-20;Cotia;0 a 1h;Mão;Sim;Sim;Não;Não;Não;Não;;Não;Não informado;Não informado;Não informado;Não informado;Não informado;Não realizado;Escorpião;Leve;Não;0;Não;Não informado;Não informado;Não informado;Não informado;Não informado;Não;Não informado;Não informado;Não informado;Não informado;Não;Cura;Não informado;2026-01-14;0.0;22.7;77.0
2026-01-02;53;2026;310730;2026-01-02;53;1986;40 anos;Feminino;Não;Parda;Ensino médio completo;Cotia;2026-01-02;Não informado;2026-01-02;310730;0 a 1h;Dedo da mão;Sim;Sim;Não;Não;Não;Não;;Não;Não informado;Não informado;Não informado;Não informado;Não informado;Não informado;Escorpião;Leve;Não;0;Não;Não informado;Não informado;Não informado;Não informado;Não informado;Não;Não informado;Não informado;Não informado;Não informado;Não;Cura;Não informado;2026-01-02;3.0;22.8;91.0
2026-01-19;3;2026;Cotia;2026-01-18;3;2023;2 anos;Feminino;Não se aplica;Branca;Não se aplica;351970;2026-01-19;Não informado;2026-01-18;351970;1 a 3h;Mão;Sim;Não;Não;Não;Não;Sim;Hiperemia;Não;Não informado;Não informado;Não informado;Não informado;Não informado;Normal;Escorpião;Leve;Não;0;Não;Não informado;Não informado;Não informado;Não informado;Não informado;Não;Não informado;Não informado;Não informado;Não informado;Não;Cura;Não informado;2026-01-19;0.6;22.8;85.0
2026-03-27;12;2026;352100;2026-03-27;12;1998;27 anos;Masculino;Não se aplica;Branca;Ensino médio incompleto;Cotia;2026-03-27;Não informado;2026-03-27;352100;0 a 1h;Perna;Sim;Sim;Não;Não;Não;Não;;Não;Não informado;Não informado;Não informado;Não informado;Não informado;Não realizado;Escorpião;Leve;Não;0;Não;Não informado;Não informado;Não informado;Não informado;Não informado;Não;Não informado;Não informado;Não informado;Não informado;Não;Cura;Não informado;2026-04-01;0.0;25.1;70.0
2026-05-26;21;2026;Cotia;2026-05-26;21;2020;5 anos;Masculino;Não se aplica;Branca;Não se aplica;Cotia;2026-05-26;Não informado;2026-05-26;Cotia;0 a 1h;Dedo da mão;Sim;Sim;Não;Não;Não;Sim;Hepiremia;Não;Não informado;Não informado;Não informado;Não informado;Não informado;Normal;Escorpião;Leve;Sim;3;Não;Não informado;Não informado;Não informado;Não informado;Não informado;Não;Não informado;Não informado;Não informado;Não informado;Não;Cura;Não informado;2026-05-28;0.0;24.3;69.0
2026-07-20;29;2026;Cotia;2026-07-20;29;1978;48 anos;Masculino;Não se aplica;Parda;Ensino médio completo;Cotia;2026-07-20;CBO 414210;2026-07-20;Cotia;1 a 3h;Dedo da mão;Sim;Sim;Não;Não;Não;Sim;Sangramento;Não;Não informado;Não informado;Não informado;Não informado;Não informado;Não informado;Escorpião;Leve;Não;0;Não;Não informado;Não informado;Não informado;Não informado;Não informado;Não;Não informado;Não informado;Não informado;Não informado;Sim;Cura;Não informado;2026-07-23;0.0;;
2026-07-21;29;2026;Cotia;2026-07-21;29;2014;12 anos;Feminino;3º Trimestre;Branca;5ª a 8ª série incompleta do EF;Cotia;2026-07-21;Estudante;2026-07-21;Cotia;0 a 1h;Cabeça;Sim;Sim;Sim;Não;Não;Não;;Sim;Não;Não;Não;Não;Não;Não realizado;Escorpião;Ignorado;Ignorado;0;Não;Não informado;Não informado;Não informado;Não informado;Não informado;Não;Não informado;Não informado;Não informado;Não informado;Não;Cura;Não informado;2026-07-24;0.0;;
2026-08-24;34;2026;Vargem Grande Paulista;2026-08-24;34;1990;36 anos;Masculino;Não se aplica;Parda;Ensino médio completo;Cotia;2026-08-24;Não informado;2026-08-24;Cotia;0 a 1h;Mão;Sim;Sim;Sim;Não;Não;Não;;Não;Não informado;Não informado;Não informado;Não informado;Não informado;Não realizado;Escorpião;Leve;Não;0;Não;Não informado;Não informado;Não informado;Não informado;Não informado;Não;Não informado;Não informado;Não informado;Não informado;Não;Cura;Não informado;2026-08-26;0.0;;
2025-08-12;33;2025;Cotia;2025-08-12;33;2001;24 anos;Masculino;Não se aplica;Parda;Ensino médio completo;Vargem Grande Paulista;2025-08-12;Jardineiro;2025-08-12;Vargem Grande Paulista;0 a 1h;Dedo da mão;Não;Não informado;Não informado;Não informado;Não informado;Não informado;;Não;Não informado;Não informado;Não informado;Não informado;Não informado;Não realizado;Escorpião;Leve;Não;0;Não;Não informado;Não informado;Não informado;Não informado;Não informado;Não;Não informado;Não informado;Não informado;Não informado;Não;Cura;Não informado;2025-08-27;0.0;12.9;79.0
